Status,Day,Part,Timing,Answer
OK,1,1,0.0013759,71471
OK,1,2,0.0009296,211189
OK,2,1,0.0030287,13484
OK,2,2,0.0023793,13433
OK,3,1,0.0017488,7878
OK,3,2,0.0029104,2760
OK,4,1,0.0010066,483
OK,4,2,0.0008892,874
OK,5,1,0.0020694,TLNGFGMFN
OK,5,2,0.001147,FGLQJCMBD
OK,6,1,0.0004975,1896
OK,6,2,0.0005987,3452
OK,7,1,0.0011661,1749646
OK,7,2,0.0010798,1498966
