Status,Day,Part,Timing,Answer
OK,1,1,0.001554,71471
OK,1,2,0.0010257,211189
OK,2,1,0.0036506,13484
OK,2,2,0.0019971,13433
OK,3,1,0.0023064,7878
OK,3,2,0.0030128,2760
OK,4,1,0.0008489,483
OK,4,2,0.0006992,874
OK,5,1,0.001436,TLNGFGMFN
OK,5,2,0.0005729,FGLQJCMBD
OK,6,1,0.0003379,1896
OK,6,2,0.0004111,3452
