Status,Day,Part,Timing,Answer
OK,1,1,0.0009974,71471
OK,1,2,0.000935,211189
OK,2,1,0.0027178,13484
OK,2,2,0.0020822,13433
OK,3,1,0.0023966,7878
OK,3,2,0.0023356,2760
OK,4,1,0.0012227,483
OK,4,2,0.0010522,874
OK,5,1,0.001996,TLNGFGMFN
OK,5,2,0.0011985,FGLQJCMBD
OK,6,1,0.0004909,1896
OK,6,2,0.0005766,3452
OK,7,1,0.0012097,1749646
OK,7,2,0.0011884,1498966
OK,8,1,0.0006275,1763
OK,8,2,0.0014671,671160
