Status,Day,Part,Timing,Answer
OK,1,1,0.0007816,71471
OK,1,2,0.0005821,211189
OK,2,1,0.0025449,13484
OK,2,2,0.0016011,13433
OK,3,1,0.0014258,7878
OK,3,2,0.0019567,2760
OK,4,1,0.0006375,483
OK,4,2,0.0005313,874
OK,5,1,0.0012298,TLNGFGMFN
OK,5,2,0.0004883,FGLQJCMBD
OK,6,1,0.0002109,1896
OK,6,2,0.0003072,3452
OK,7,1,0.0009066,1749646
OK,7,2,0.0007901,1498966
OK,8,1,0.0003813,1763
OK,8,2,0.0007995,671160
OK,9,1,0.0020748,6406
