Status,Day,Part,Timing,Answer
OK,1,1,0.0010841,71471
OK,1,2,0.000838,211189
OK,2,1,0.0020037,13484
OK,2,2,0.0013657,13433
OK,3,1,0.0012837,7878
OK,3,2,0.00145,2760
OK,4,1,0.0008726,483
OK,4,2,0.0007894,874
OK,5,1,0.0010463,TLNGFGMFN
OK,5,2,0.001312,FGLQJCMBD
OK,6,1,0.000649,1896
OK,6,2,0.0006944,3452
OK,7,1,0.0009639,1749646
OK,7,2,0.0009793,1498966
OK,8,1,0.0007476,1763
OK,8,2,0.0010396,671160
OK,9,1,0.0019269,6406
OK,9,2,0.0017991,2643
